LSOA Code,Total
E01000006,3
E01000007,175
E01000008,7
E01000009,47
E01000011,4
E01000012,9
E01000013,33
E01000014,6
E01000015,4
E01000016,2
E01000017,4
E01000018,3
E01000019,4
E01000020,2
E01000021,3
E01000022,3
E01000024,4
E01000025,6
E01000027,3
E01000028,1
E01000029,1
E01000030,8
E01000031,1
E01000032,14
E01000033,3
E01000034,5
E01000035,10
E01000036,9
E01000037,4
E01000038,5
E01000039,2
E01000040,13
E01000041,1
E01000042,6
E01000043,3
E01000044,9
E01000045,19
E01000046,9
E01000049,8
E01000050,4
E01000051,8
E01000052,5
E01000053,13
E01000055,3
E01000056,8
E01000057,15
E01000058,2
E01000059,2
E01000060,17
E01000061,4
E01000062,6
E01000063,1
E01000064,8
E01000065,5
E01000066,2
E01000067,7
E01000068,8
E01000069,2
E01000070,20
E01000071,15
E01000072,11
E01000073,4
E01000074,1
E01000075,26
E01000076,2
E01000077,7
E01000078,5
E01000079,6
E01000080,4
E01000082,3
E01000083,2
E01000084,18
E01000085,6
E01000086,3
E01000087,7
E01000088,3
E01000089,5
E01000090,2
E01000091,4
E01000093,8
E01000094,4
E01000095,28
E01000096,8
E01000097,3
E01000098,6
E01000099,5
E01000100,1
E01000101,10
E01000102,3
E01000103,2
E01000104,9
E01000105,24
E01000106,5
E01000107,3
E01000108,5
E01000110,2
E01000111,9
E01000112,9
E01000113,9
E01000114,7
E01000115,1
E01000116,4
E01000117,1
E01000119,2
E01000120,1
E01000121,4
E01000122,2
E01000124,3
E01000126,6
E01000127,2
E01000128,3
E01000129,23
E01000130,3
E01000131,2
E01000132,3
E01000134,2
E01000135,4
E01000136,6
E01000138,3
E01000139,1
E01000140,17
E01000141,58
E01000143,5
E01000144,19
E01000145,1
E01000146,59
E01000147,2
E01000150,13
E01000151,3
E01000153,3
E01000154,5
E01000156,4
E01000157,1
E01000158,1
E01000159,1
E01000160,11
E01000161,2
E01000162,10
E01000163,2
E01000164,18
E01000165,1
E01000166,1
E01000167,2
E01000168,1
E01000169,2
E01000170,2
E01000171,18
E01000172,4
E01000174,7
E01000175,3
E01000177,4
E01000178,9
E01000179,4
E01000180,7
E01000181,24
E01000182,47
E01000183,10
E01000184,2
E01000185,5
E01000186,1
E01000187,1
E01000188,5
E01000189,2
E01000190,1
E01000192,24
E01000193,110
E01000194,23
E01000195,1
E01000196,16
E01000197,8
E01000198,4
E01000199,2
E01000201,4
E01000202,2
E01000203,10
E01000204,3
E01000205,8
E01000206,8
E01000207,7
E01000208,41
E01000209,2
E01000210,7
E01000211,36
E01000212,8
E01000213,2
E01000214,35
E01000215,1
E01000216,3
E01000217,1
E01000218,4
E01000219,5
E01000220,3
E01000221,23
E01000222,4
E01000223,13
E01000225,1
E01000227,3
E01000229,3
E01000230,1
E01000233,3
E01000235,4
E01000236,2
E01000237,17
E01000238,1
E01000239,2
E01000240,1
E01000242,1
E01000243,2
E01000244,3
E01000245,3
E01000248,41
E01000249,2
E01000250,35
E01000251,6
E01000252,1
E01000253,1
E01000257,11
E01000258,3
E01000259,6
E01000260,5
E01000264,14
E01000265,1
E01000268,6
E01000269,2
E01000270,2
E01000271,4
E01000272,1
E01000273,1
E01000274,2
E01000277,1
E01000278,2
E01000281,20
E01000282,4
E01000284,7
E01000287,1
E01000288,1
E01000289,3
E01000290,1
E01000293,4
E01000294,10
E01000295,7
E01000296,36
E01000297,4
E01000298,25
E01000299,27
E01000300,2
E01000301,1
E01000302,18
E01000303,2
E01000304,1
E01000305,10
E01000306,2
E01000307,215
E01000308,3
E01000309,2
E01000310,6
E01000311,3
E01000312,4
E01000313,8
E01000314,5
E01000315,1
E01000316,19
E01000317,1
E01000318,6
E01000319,1
E01000320,7
E01000321,17
E01000322,13
E01000323,66
E01000324,2
E01000325,1
E01000327,2
E01000328,1
E01000329,3
E01000330,4
E01000332,3
E01000333,6
E01000334,1
E01000335,7
E01000336,4
E01000338,1
E01000340,4
E01000343,1
E01000347,2
E01000353,1
E01000355,1
E01000356,2
E01000358,3
E01000359,1
E01000360,44
E01000362,85
E01000363,1
E01000365,16
E01000366,1
E01000367,4
E01000368,1
E01000369,1
E01000370,3
E01000373,2
E01000374,1
E01000376,2
E01000377,2
E01000379,3
E01000382,2
E01000383,1
E01000385,6
E01000388,4
E01000389,1
E01000390,3
E01000391,2
E01000392,18
E01000393,2
E01000394,2
E01000395,1
E01000398,2
E01000399,1
E01000400,1
E01000401,6
E01000403,27
E01000404,1
E01000408,5
E01000410,4
E01000413,1
E01000414,7
E01000416,8
E01000417,5
E01000418,4
E01000419,3
E01000421,1
E01000423,1
E01000426,1
E01000428,11
E01000429,2
E01000430,1
E01000431,3
E01000433,4
E01000434,3
E01000435,1
E01000438,1
E01000439,5
E01000440,1
E01000441,3
E01000442,2
E01000444,1
E01000445,1
E01000446,1
E01000447,5
E01000448,1
E01000449,1
E01000451,2
E01000452,1
E01000453,1
E01000454,4
E01000457,18
E01000458,2
E01000459,2
E01000462,11
E01000464,2
E01000465,1
E01000466,5
E01000467,1
E01000468,2
E01000469,2
E01000470,7
E01000471,1
E01000472,12
E01000473,58
E01000474,5
E01000475,20
E01000476,4
E01000477,10
E01000478,4
E01000479,3
E01000480,2
E01000481,9
E01000483,6
E01000484,1
E01000485,4
E01000486,2
E01000487,15
E01000488,8
E01000489,10
E01000490,23
E01000491,4
E01000492,3
E01000493,2
E01000494,6
E01000495,20
E01000497,14
E01000498,3
E01000499,11
E01000501,3
E01000502,11
E01000503,5
E01000504,7
E01000505,3
E01000506,8
E01000507,6
E01000508,16
E01000509,7
E01000510,26
E01000511,4
E01000512,5
E01000513,4
E01000514,1
E01000515,9
E01000516,7
E01000517,22
E01000518,3
E01000519,3
E01000520,5
E01000521,25
E01000522,3
E01000523,26
E01000524,80
E01000525,20
E01000526,14
E01000527,3
E01000528,5
E01000530,4
E01000531,6
E01000532,8
E01000533,19
E01000534,6
E01000535,15
E01000536,14
E01000538,3
E01000540,3
E01000541,4
E01000543,18
E01000544,11
E01000545,51
E01000546,8
E01000547,3
E01000548,103
E01000549,3
E01000550,58
E01000551,11
E01000552,8
E01000553,13
E01000554,2
E01000555,4
E01000556,25
E01000557,4
E01000558,3
E01000559,2
E01000560,7
E01000561,31
E01000563,2
E01000564,10
E01000565,4
E01000567,2
E01000568,26
E01000570,2
E01000571,6
E01000572,1
E01000574,1
E01000575,20
E01000576,2
E01000577,5
E01000578,65
E01000579,3
E01000580,19
E01000581,5
E01000583,25
E01000584,3
E01000585,4
E01000586,95
E01000587,2
E01000589,9
E01000591,31
E01000592,5
E01000593,1
E01000594,14
E01000595,7
E01000596,3
E01000599,9
E01000601,18
E01000602,4
E01000603,2
E01000604,1
E01000605,4
E01000606,1
E01000607,2
E01000608,26
E01000609,2
E01000610,2
E01000611,4
E01000612,12
E01000613,4
E01000615,66
E01000616,12
E01000617,41
E01000618,4
E01000619,4
E01000620,16
E01000621,22
E01000623,3
E01000624,2
E01000625,5
E01000626,7
E01000627,7
E01000628,12
E01000629,1
E01000630,115
E01000631,8
E01000632,42
E01000633,157
E01000634,17
E01000636,44
E01000638,16
E01000639,4
E01000640,29
E01000641,5
E01000642,56
E01000643,13
E01000644,18
E01000645,1
E01000646,3
E01000647,1
E01000648,5
E01000649,2
E01000650,2
E01000652,1
E01000654,2
E01000657,1
E01000658,1
E01000661,6
E01000662,3
E01000663,3
E01000664,1
E01000665,1
E01000666,1
E01000667,4
E01000668,6
E01000670,1
E01000671,3
E01000672,1
E01000674,2
E01000676,272
E01000677,154
E01000678,5
E01000679,2
E01000680,1
E01000683,4
E01000684,1
E01000687,4
E01000689,2
E01000690,2
E01000691,1
E01000692,3
E01000693,4
E01000694,1
E01000695,2
E01000696,3
E01000698,1
E01000699,2
E01000701,5
E01000702,1
E01000703,2
E01000704,1
E01000705,2
E01000706,1
E01000708,1
E01000709,5
E01000710,3
E01000711,2
E01000712,1
E01000713,3
E01000714,33
E01000715,2
E01000717,3
E01000718,2
E01000719,5
E01000720,2
E01000721,2
E01000722,4
E01000724,2
E01000725,5
E01000727,5
E01000728,5
E01000729,4
E01000730,8
E01000733,1
E01000735,4
E01000736,1
E01000737,4
E01000738,5
E01000739,5
E01000741,3
E01000742,3
E01000743,4
E01000744,1
E01000745,5
E01000746,1
E01000747,2
E01000748,1
E01000750,1
E01000751,10
E01000752,5
E01000753,1
E01000754,1
E01000755,1
E01000756,3
E01000759,3
E01000760,1
E01000761,1
E01000762,1
E01000763,2
E01000764,2
E01000765,9
E01000768,1
E01000769,7
E01000770,4
E01000771,3
E01000774,2
E01000775,2
E01000777,1
E01000778,1
E01000779,7
E01000780,2
E01000781,2
E01000782,9
E01000783,1
E01000784,2
E01000785,4
E01000786,1
E01000787,1
E01000788,2
E01000790,67
E01000792,3
E01000796,4
E01000797,4
E01000798,3
E01000799,19
E01000800,7
E01000801,2
E01000802,3
E01000803,3
E01000804,1
E01000805,4
E01000806,10
E01000807,3
E01000810,2
E01000812,2
E01000813,1
E01000815,4
E01000816,4
E01000819,9
E01000820,2
E01000823,2
E01000824,8
E01000825,2
E01000826,3
E01000827,1
E01000828,5
E01000829,3
E01000830,1
E01000831,1
E01000834,1
E01000835,11
E01000836,1
E01000837,3
E01000838,1
E01000840,1
E01000841,3
E01000842,10
E01000843,11
E01000844,36
E01000845,36
E01000846,17
E01000847,27
E01000848,33
E01000849,45
E01000850,782
E01000851,320
E01000853,106
E01000855,1180
E01000856,136
E01000857,17
E01000858,275
E01000859,36
E01000860,22
E01000861,226
E01000862,234
E01000863,1139
E01000866,32
E01000867,51
E01000868,11
E01000869,28
E01000870,22
E01000871,6
E01000872,19
E01000873,1
E01000874,7
E01000875,14
E01000876,7
E01000877,12
E01000878,5
E01000879,18
E01000880,1
E01000881,25
E01000882,36
E01000883,97
E01000884,3
E01000886,15
E01000887,30
E01000888,11
E01000889,11
E01000890,14
E01000891,17
E01000892,25
E01000893,16
E01000894,30
E01000895,56
E01000896,44
E01000897,29
E01000898,141
E01000899,18
E01000900,32
E01000901,31
E01000902,26
E01000903,20
E01000904,108
E01000905,39
E01000906,72
E01000907,4
E01000908,6
E01000909,14
E01000910,15
E01000911,5
E01000912,35
E01000913,34
E01000914,777
E01000915,32
E01000916,156
E01000917,63
E01000918,656
E01000919,2115
E01000920,75
E01000921,79
E01000922,40
E01000923,6
E01000924,9
E01000925,9
E01000926,19
E01000927,47
E01000928,22
E01000929,10
E01000930,118
E01000931,112
E01000932,8
E01000933,63
E01000934,13
E01000935,6
E01000937,71
E01000938,116
E01000939,143
E01000941,45
E01000942,212
E01000943,109
E01000944,13
E01000946,211
E01000947,718
E01000948,67
E01000949,11
E01000951,11
E01000952,19
E01000954,18
E01000955,32
E01000956,237
E01000957,14
E01000958,62
E01000959,32
E01000960,129
E01000961,12
E01000962,13
E01000963,173
E01000964,22
E01000965,11
E01000966,6
E01000967,15
E01000968,12
E01000969,41
E01000970,13
E01000971,2
E01000972,182
E01000973,120
E01000974,17
E01000975,11
E01000976,9
E01000977,4
E01000979,3
E01000980,3
E01000981,5
E01000984,1
E01000985,2
E01000986,7
E01000987,3
E01000989,2
E01000990,2
E01000992,2
E01000993,2
E01000994,4
E01000995,8
E01000996,4
E01000997,3
E01000998,3
E01000999,4
E01001000,9
E01001001,1
E01001002,2
E01001003,4
E01001004,4
E01001005,13
E01001006,6
E01001007,3
E01001008,4
E01001010,19
E01001011,23
E01001012,6
E01001013,101
E01001016,7
E01001018,2
E01001019,2
E01001020,1
E01001023,8
E01001026,1
E01001028,1
E01001030,1
E01001031,1
E01001032,1
E01001033,2
E01001034,4
E01001035,2
E01001036,2
E01001037,3
E01001041,2
E01001042,24
E01001044,1
E01001046,3
E01001047,7
E01001049,2
E01001050,3
E01001051,2
E01001052,2
E01001053,2
E01001054,1
E01001055,4
E01001056,4
E01001057,1
E01001058,1
E01001061,4
E01001062,3
E01001063,3
E01001064,6
E01001065,3
E01001068,1
E01001073,2
E01001074,3
E01001075,3
E01001076,7
E01001077,1
E01001078,1
E01001079,2
E01001081,1
E01001082,3
E01001083,6
E01001084,5
E01001085,12
E01001086,10
E01001087,20
E01001088,2
E01001089,12
E01001090,2
E01001091,3
E01001092,5
E01001093,1
E01001094,2
E01001095,2
E01001097,26
E01001100,2
E01001102,2
E01001103,2
E01001104,1
E01001109,8
E01001110,3
E01001111,8
E01001112,3
E01001113,7
E01001114,4
E01001115,3
E01001116,11
E01001118,15
E01001122,1
E01001123,4
E01001124,1
E01001125,7
E01001127,1
E01001129,1
E01001130,2
E01001131,1
E01001132,1
E01001133,8
E01001134,2
E01001135,4
E01001136,17
E01001137,3
E01001138,1
E01001139,1
E01001140,5
E01001142,6
E01001143,1
E01001145,7
E01001146,2
E01001147,2
E01001148,6
E01001149,1
E01001150,4
E01001151,3
E01001152,11
E01001153,2
E01001154,11
E01001155,25
E01001156,9
E01001157,8
E01001158,2
E01001159,2
E01001160,8
E01001161,6
E01001162,4
E01001163,7
E01001164,13
E01001165,3
E01001166,4
E01001167,12
E01001168,4
E01001169,4
E01001170,7
E01001171,1
E01001172,14
E01001173,5
E01001174,3
E01001175,5
E01001176,4
E01001177,4
E01001178,16
E01001179,3
E01001180,9
E01001181,6
E01001182,2
E01001183,17
E01001184,2
E01001186,2
E01001187,6
E01001188,1
E01001189,1
E01001190,1
E01001191,4
E01001192,5
E01001193,3
E01001194,4
E01001195,4
E01001196,2
E01001197,3
E01001199,3
E01001200,7
E01001202,42
E01001203,9
E01001205,1
E01001206,1
E01001207,1
E01001208,3
E01001209,1
E01001210,2
E01001211,2
E01001212,4
E01001213,4
E01001214,3
E01001215,20
E01001216,1
E01001219,4
E01001220,4
E01001224,2
E01001225,82
E01001226,3
E01001227,1
E01001228,3
E01001229,1
E01001230,6
E01001231,3
E01001233,10
E01001234,7
E01001235,6
E01001236,3
E01001237,5
E01001239,4
E01001240,5
E01001241,12
E01001242,3
E01001243,6
E01001244,13
E01001245,6
E01001246,12
E01001247,41
E01001248,6
E01001249,15
E01001250,5
E01001251,9
E01001252,12
E01001253,4
E01001254,2
E01001255,1
E01001257,3
E01001258,4
E01001259,6
E01001260,3
E01001261,46
E01001262,4
E01001263,4
E01001265,1
E01001266,18
E01001267,4
E01001268,2
E01001269,3
E01001270,1
E01001271,6
E01001272,11
E01001273,2
E01001274,4
E01001275,6
E01001276,6
E01001277,10
E01001278,14
E01001279,1
E01001280,5
E01001281,1
E01001282,2
E01001283,2
E01001284,3
E01001285,7
E01001286,1
E01001287,2
E01001288,3
E01001289,1
E01001290,5
E01001291,2
E01001293,3
E01001294,10
E01001296,2
E01001297,9
E01001298,2
E01001299,2
E01001301,3
E01001302,3
E01001303,10
E01001304,1
E01001307,1
E01001308,4
E01001309,2
E01001310,9
E01001311,3
E01001312,7
E01001314,1
E01001315,5
E01001316,5
E01001318,4
E01001320,1
E01001321,4
E01001322,29
E01001323,20
E01001324,1
E01001325,2
E01001326,5
E01001327,7
E01001328,14
E01001330,6
E01001331,1
E01001332,3
E01001333,30
E01001334,11
E01001335,4
E01001336,6
E01001337,11
E01001338,15
E01001340,5
E01001341,4
E01001342,5
E01001343,2
E01001344,6
E01001345,3
E01001346,2
E01001347,12
E01001348,20
E01001349,4
E01001351,17
E01001352,12
E01001353,6
E01001354,8
E01001355,10
E01001356,4
E01001357,1
E01001358,18
E01001359,46
E01001360,13
E01001361,410
E01001362,63
E01001363,8
E01001364,3
E01001365,5
E01001366,3
E01001367,42
E01001368,3
E01001369,23
E01001370,14
E01001371,9
E01001372,4
E01001373,8
E01001374,1
E01001375,1
E01001376,2
E01001377,1
E01001379,1
E01001380,1
E01001381,8
E01001382,1
E01001383,1
E01001384,8
E01001385,1
E01001386,6
E01001387,9
E01001388,13
E01001389,21
E01001390,4
E01001391,5
E01001393,3
E01001394,6
E01001395,2
E01001396,8
E01001397,3
E01001398,3
E01001399,3
E01001400,5
E01001401,1
E01001402,3
E01001403,3
E01001404,3
E01001405,8
E01001406,7
E01001407,3
E01001408,1
E01001409,3
E01001410,2
E01001411,4
E01001412,7
E01001413,1
E01001415,9
E01001417,2
E01001418,2
E01001419,10
E01001421,1
E01001422,3
E01001423,11
E01001424,5
E01001425,37
E01001426,5
E01001427,19
E01001428,3
E01001429,233
E01001430,8
E01001431,10
E01001432,26
E01001433,6
E01001434,3
E01001435,2
E01001436,9
E01001437,15
E01001438,5
E01001439,27
E01001440,25
E01001441,21
E01001442,16
E01001444,8
E01001445,5
E01001446,2
E01001447,6
E01001448,4
E01001449,4
E01001450,196
E01001451,25
E01001452,1
E01001453,2
E01001454,1
E01001455,3
E01001456,2
E01001457,14
E01001458,8
E01001459,3
E01001460,7
E01001461,10
E01001462,9
E01001463,1
E01001464,2
E01001465,10
E01001466,6
E01001467,7
E01001468,5
E01001470,3
E01001471,1
E01001472,2
E01001473,1
E01001474,4
E01001475,3
E01001476,8
E01001477,5
E01001478,3
E01001479,15
E01001480,5
E01001481,4
E01001482,7
E01001483,4
E01001484,4
E01001485,15
E01001486,9
E01001487,8
E01001488,5
E01001489,6
E01001491,12
E01001492,6
E01001493,5
E01001494,1
E01001495,6
E01001496,1
E01001498,33
E01001499,5
E01001500,10
E01001501,10
E01001502,20
E01001503,6
E01001504,1
E01001505,17
E01001507,69
E01001508,11
E01001509,1
E01001511,20
E01001512,17
E01001513,39
E01001514,3
E01001515,4
E01001516,17
E01001517,7
E01001518,20
E01001520,5
E01001521,3
E01001522,1
E01001523,2
E01001524,2
E01001526,2
E01001527,6
E01001528,6
E01001529,4
E01001530,1
E01001532,6
E01001533,2
E01001534,19
E01001535,6
E01001536,73
E01001537,1
E01001538,3
E01001539,2
E01001540,11
E01001541,6
E01001542,2
E01001543,3
E01001544,10
E01001545,3
E01001546,3
E01001547,17
E01001548,7
E01001549,8
E01001550,6
E01001551,9
E01001552,10
E01001553,3
E01001554,19
E01001555,23
E01001556,5
E01001557,2
E01001558,82
E01001559,165
E01001560,10
E01001562,4
E01001563,29
E01001564,9
E01001565,3
E01001566,4
E01001567,2
E01001568,1
E01001569,6
E01001570,10
E01001571,2
E01001572,5
E01001573,2
E01001574,2
E01001575,8
E01001576,7
E01001577,5
E01001578,22
E01001579,4
E01001580,12
E01001581,5
E01001582,6
E01001583,1
E01001584,6
E01001585,2
E01001586,2
E01001587,6
E01001588,7
E01001589,10
E01001590,4
E01001591,7
E01001592,2
E01001593,1
E01001594,2
E01001595,10
E01001597,4
E01001598,2
E01001599,1
E01001600,3
E01001601,1
E01001602,3
E01001603,2
E01001604,5
E01001606,1
E01001607,2
E01001608,3
E01001609,51
E01001610,2
E01001611,2
E01001613,2
E01001615,41
E01001617,6
E01001618,3
E01001619,2
E01001620,4
E01001621,4
E01001623,4
E01001624,1
E01001625,6
E01001629,5
E01001631,14
E01001632,3
E01001633,3
E01001634,4
E01001635,3
E01001636,5
E01001637,3
E01001638,10
E01001641,169
E01001642,64
E01001644,53
E01001645,3
E01001646,7
E01001647,5
E01001648,2
E01001649,5
E01001650,1
E01001651,5
E01001652,6
E01001653,2
E01001654,1
E01001655,2
E01001656,4
E01001657,5
E01001658,8
E01001659,8
E01001660,4
E01001661,6
E01001664,23
E01001665,11
E01001666,49
E01001669,4
E01001671,7
E01001672,4
E01001673,12
E01001674,5
E01001675,13
E01001676,7
E01001677,8
E01001678,3
E01001679,4
E01001680,1
E01001681,1
E01001682,3
E01001683,1
E01001684,5
E01001686,5
E01001687,2
E01001688,4
E01001690,3
E01001692,2
E01001693,6
E01001694,3
E01001695,7
E01001696,38
E01001697,2
E01001698,6
E01001699,3
E01001700,7
E01001701,21
E01001702,1
E01001703,7
E01001704,3
E01001705,12
E01001708,1
E01001710,1
E01001712,9
E01001714,108
E01001715,20
E01001716,43
E01001717,10
E01001718,287
E01001719,23
E01001720,44
E01001722,40
E01001723,11
E01001724,49
E01001725,7
E01001726,9
E01001727,14
E01001728,10
E01001729,74
E01001730,36
E01001731,141
E01001732,8
E01001733,70
E01001734,53
E01001735,40
E01001736,9
E01001737,31
E01001738,27
E01001739,30
E01001740,35
E01001741,12
E01001742,20
E01001744,26
E01001745,39
E01001746,11
E01001747,93
E01001749,23
E01001750,52
E01001751,50
E01001753,18
E01001755,31
E01001756,70
E01001757,1
E01001758,35
E01001759,12
E01001760,285
E01001761,35
E01001762,66
E01001763,28
E01001764,22
E01001765,23
E01001767,24
E01001768,16
E01001769,25
E01001770,62
E01001772,20
E01001773,83
E01001774,63
E01001775,24
E01001776,26
E01001777,184
E01001780,213
E01001781,26
E01001783,6
E01001784,38
E01001785,11
E01001786,46
E01001787,24
E01001788,12
E01001789,6
E01001790,4
E01001791,11
E01001792,44
E01001793,19
E01001794,41
E01001795,45
E01001796,25
E01001798,54
E01001799,6
E01001800,26
E01001801,4
E01001802,10
E01001803,17
E01001804,5
E01001805,15
E01001806,50
E01001807,14
E01001808,80
E01001809,36
E01001811,49
E01001812,18
E01001813,95
E01001814,52
E01001815,10
E01001816,17
E01001819,19
E01001820,10
E01001821,10
E01001822,16
E01001823,5
E01001824,33
E01001825,5
E01001826,12
E01001827,27
E01001828,13
E01001829,29
E01001830,34
E01001831,48
E01001832,20
E01001833,17
E01001834,9
E01001835,12
E01001836,22
E01001837,35
E01001838,14
E01001839,78
E01001840,20
E01001841,12
E01001842,13
E01001843,6
E01001844,31
E01001845,24
E01001846,59
E01001847,9
E01001848,17
E01001849,163
E01001850,10
E01001851,3
E01001852,2
E01001853,3
E01001854,10
E01001855,9
E01001856,10
E01001857,66
E01001858,5
E01001859,2
E01001860,19
E01001861,8
E01001862,8
E01001863,2
E01001864,5
E01001865,4
E01001866,13
E01001867,7
E01001868,1
E01001869,14
E01001870,5
E01001871,4
E01001872,6
E01001873,1
E01001875,11
E01001876,27
E01001877,19
E01001879,2
E01001880,9
E01001881,29
E01001882,6
E01001883,6
E01001884,16
E01001885,2
E01001886,5
E01001887,4
E01001888,4
E01001889,4
E01001890,23
E01001891,22
E01001892,2
E01001893,13
E01001894,48
E01001895,2
E01001896,4
E01001897,1
E01001898,246
E01001899,181
E01001900,79
E01001901,2
E01001902,4
E01001903,3
E01001904,2
E01001908,6
E01001909,6
E01001910,4
E01001911,5
E01001912,18
E01001913,5
E01001914,12
E01001915,29
E01001916,6
E01001917,3
E01001918,3
E01001919,3
E01001920,37
E01001921,3
E01001922,14
E01001923,7
E01001924,3
E01001925,9
E01001926,2
E01001927,1
E01001928,9
E01001929,5
E01001930,8
E01001931,3
E01001932,18
E01001933,10
E01001934,3
E01001937,5
E01001938,5
E01001940,15
E01001941,86
E01001942,15
E01001943,706
E01001944,10
E01001945,15
E01001946,13
E01001947,2
E01001948,9
E01001949,3
E01001950,8
E01001951,7
E01001952,3
E01001953,17
E01001954,8
E01001955,7
E01001956,2
E01001957,5
E01001958,4
E01001959,3
E01001960,5
E01001961,3
E01001962,7
E01001963,5
E01001964,11
E01001965,4
E01001966,44
E01001968,3
E01001969,6
E01001970,13
E01001971,17
E01001972,9
E01001973,5
E01001974,12
E01001975,9
E01001976,11
E01001977,8
E01001978,19
E01001979,102
E01001980,6
E01001981,21
E01001982,18
E01001983,10
E01001984,4
E01001985,2
E01001986,3
E01001987,6
E01001988,5
E01001989,14
E01001990,38
E01001991,6
E01001992,11
E01001993,4
E01001994,7
E01001995,2
E01001996,5
E01001997,44
E01001998,3
E01001999,47
E01002000,8
E01002001,9
E01002002,479
E01002003,73
E01002004,5
E01002005,8
E01002006,5
E01002007,12
E01002008,4
E01002009,8
E01002010,8
E01002011,10
E01002013,4
E01002014,8
E01002015,6
E01002016,8
E01002017,4
E01002018,1
E01002019,4
E01002020,17
E01002021,4
E01002022,73
E01002023,3
E01002024,6
E01002025,2
E01002026,471
E01002027,5
E01002028,13
E01002029,141
E01002030,9
E01002031,125
E01002032,15
E01002033,18
E01002034,165
E01002036,12
E01002037,17
E01002038,43
E01002039,10
E01002040,11
E01002041,17
E01002042,18
E01002043,32
E01002044,27
E01002045,12
E01002046,30
E01002047,33
E01002048,12
E01002049,11
E01002050,4
E01002051,79
E01002052,10
E01002053,12
E01002054,35
E01002055,25
E01002056,40
E01002057,21
E01002058,69
E01002059,5
E01002060,8
E01002061,4
E01002062,7
E01002063,10
E01002064,12
E01002065,54
E01002066,131
E01002067,22
E01002068,100
E01002069,253
E01002070,12
E01002071,40
E01002072,101
E01002073,105
E01002074,24
E01002075,14
E01002076,5
E01002077,99
E01002078,26
E01002079,6
E01002081,62
E01002082,10
E01002083,10
E01002084,22
E01002085,112
E01002086,7
E01002087,11
E01002088,25
E01002089,4
E01002090,11
E01002091,7
E01002092,9
E01002093,24
E01002094,6
E01002095,20
E01002096,5
E01002097,13
E01002098,21
E01002099,17
E01002100,27
E01002101,6
E01002102,15
E01002103,16
E01002104,11
E01002105,103
E01002106,3
E01002107,3
E01002108,1
E01002109,1
E01002110,3
E01002111,8
E01002112,7
E01002113,3
E01002114,5
E01002116,1
E01002118,13
E01002119,10
E01002120,3
E01002121,1
E01002122,2
E01002123,9
E01002124,1
E01002125,4
E01002127,7
E01002128,9
E01002129,442
E01002130,169
E01002131,2
E01002132,8
E01002133,11
E01002135,7
E01002136,20
E01002137,18
E01002139,1
E01002140,10
E01002141,2
E01002142,21
E01002144,7
E01002145,4
E01002146,2
E01002147,2
E01002148,3
E01002150,14
E01002151,3
E01002153,2
E01002155,2
E01002156,1
E01002157,33
E01002158,1
E01002159,5
E01002160,17
E01002161,9
E01002162,5
E01002163,3
E01002164,8
E01002165,6
E01002166,5
E01002167,2
E01002168,3
E01002169,7
E01002170,3
E01002171,2
E01002172,1
E01002174,4
E01002175,8
E01002176,7
E01002177,4
E01002179,27
E01002181,7
E01002182,6
E01002183,3
E01002184,3
E01002185,2
E01002186,7
E01002187,3
E01002188,1
E01002189,41
E01002191,3
E01002192,7
E01002193,14
E01002194,1
E01002198,1
E01002199,2
E01002200,1
E01002201,1
E01002202,9
E01002203,2
E01002204,23
E01002206,2
E01002208,1
E01002209,25
E01002210,5
E01002211,2
E01002212,4
E01002214,6
E01002215,9
E01002216,6
E01002217,2
E01002218,9
E01002219,22
E01002220,3
E01002221,11
E01002222,1
E01002223,1
E01002224,1
E01002225,1
E01002226,15
E01002227,2
E01002228,1
E01002229,2
E01002230,1
E01002231,2
E01002232,6
E01002233,14
E01002234,5
E01002235,5
E01002236,8
E01002237,5
E01002238,7
E01002239,1
E01002240,5
E01002242,2
E01002243,4
E01002244,1
E01002245,4
E01002246,7
E01002247,10
E01002248,27
E01002250,1
E01002251,1
E01002257,1
E01002258,1
E01002261,9
E01002262,2
E01002263,3
E01002264,1
E01002266,1
E01002271,1
E01002272,1
E01002273,2
E01002274,3
E01002275,1
E01002276,1
E01002277,1
E01002279,1
E01002280,1
E01002281,2
E01002282,9
E01002284,4
E01002285,1
E01002287,4
E01002288,1
E01002289,1
E01002290,2
E01002291,2
E01002292,2
E01002294,1
E01002296,1
E01002297,2
E01002298,1
E01002299,2
E01002300,2
E01002301,1
E01002302,4
E01002303,2
E01002304,3
E01002305,2
E01002306,2
E01002308,3
E01002309,1
E01002310,3
E01002311,2
E01002312,1
E01002313,1
E01002314,4
E01002315,3
E01002316,4
E01002319,9
E01002321,3
E01002322,1
E01002324,1
E01002325,1
E01002326,5
E01002329,4
E01002330,5
E01002332,1
E01002333,1
E01002334,2
E01002335,1
E01002336,1
E01002337,1
E01002338,1
E01002339,2
E01002340,2
E01002342,4
E01002344,6
E01002345,14
E01002346,2
E01002347,3
E01002348,2
E01002350,9
E01002351,1
E01002352,2
E01002353,43
E01002354,6
E01002355,1
E01002356,182
E01002358,1
E01002359,1
E01002360,2
E01002361,39
E01002364,3
E01002365,3
E01002366,4
E01002367,3
E01002368,14
E01002369,1
E01002370,7
E01002371,1
E01002372,1
E01002373,2
E01002374,6
E01002375,1
E01002376,2
E01002377,2
E01002379,3
E01002380,4
E01002381,1
E01002382,3
E01002383,3
E01002384,5
E01002385,12
E01002386,22
E01002387,1
E01002388,1
E01002390,1
E01002392,3
E01002393,5
E01002394,4
E01002395,2
E01002396,16
E01002397,23
E01002398,2
E01002399,6
E01002400,5
E01002401,5
E01002402,4
E01002403,2
E01002405,9
E01002408,1
E01002410,6
E01002411,4
E01002412,17
E01002413,3
E01002414,12
E01002416,2
E01002417,6
E01002419,4
E01002420,3
E01002421,1
E01002422,8
E01002423,5
E01002424,2
E01002426,2
E01002427,2
E01002428,2
E01002429,1
E01002431,2
E01002432,12
E01002433,2
E01002435,1
E01002436,1
E01002437,3
E01002439,2
E01002441,1
E01002442,2
E01002443,11
E01002444,112
E01002445,5
E01002446,6
E01002447,11
E01002448,6
E01002449,6
E01002450,1
E01002451,1
E01002452,2
E01002453,1
E01002454,5
E01002455,1
E01002456,2
E01002457,4
E01002458,1
E01002460,6
E01002461,1
E01002463,1
E01002465,1
E01002466,2
E01002467,2
E01002468,2
E01002469,1
E01002470,7
E01002471,1
E01002472,9
E01002473,1
E01002474,2
E01002475,1
E01002476,1
E01002477,1
E01002478,4
E01002479,1
E01002480,1
E01002481,8
E01002483,18
E01002484,3
E01002485,6
E01002486,5
E01002487,4
E01002488,4
E01002489,25
E01002490,9
E01002492,2
E01002493,3
E01002494,1
E01002495,3
E01002496,12
E01002497,25
E01002498,5
E01002501,2
E01002502,3
E01002503,11
E01002505,46
E01002506,62
E01002507,6
E01002508,9
E01002511,3
E01002512,9
E01002513,3
E01002514,73
E01002516,3
E01002518,2
E01002519,4
E01002520,6
E01002521,108
E01002523,5
E01002525,1
E01002526,9
E01002527,1
E01002528,3
E01002529,13
E01002530,2
E01002531,2
E01002534,1
E01002535,19
E01002536,1
E01002537,4
E01002538,4
E01002540,5
E01002541,4
E01002542,12
E01002543,6
E01002544,4
E01002545,4
E01002546,6
E01002547,4
E01002549,1
E01002550,3
E01002551,4
E01002552,3
E01002553,1
E01002555,4
E01002556,1
E01002557,2
E01002558,6
E01002559,4
E01002560,2
E01002561,2
E01002562,61
E01002563,20
E01002564,4
E01002565,46
E01002567,1
E01002569,5
E01002570,13
E01002571,3
E01002572,9
E01002573,6
E01002574,11
E01002575,5
E01002576,3
E01002578,8
E01002579,5
E01002580,10
E01002581,3
E01002582,2
E01002583,9
E01002584,13
E01002585,2
E01002586,3
E01002587,10
E01002588,4
E01002589,8
E01002590,5
E01002591,1
E01002592,13
E01002593,9
E01002594,4
E01002595,14
E01002596,2
E01002598,9
E01002599,2
E01002600,2
E01002601,3
E01002603,2
E01002604,2
E01002605,3
E01002606,3
E01002607,4
E01002608,4
E01002609,3
E01002610,4
E01002611,3
E01002612,23
E01002613,1
E01002614,8
E01002615,8
E01002616,2
E01002619,1
E01002620,9
E01002621,4
E01002622,3
E01002623,3
E01002624,13
E01002625,2
E01002626,5
E01002627,2
E01002628,9
E01002629,10
E01002630,8
E01002631,6
E01002632,4
E01002633,9
E01002634,2
E01002635,1
E01002636,6
E01002637,45
E01002638,7
E01002639,5
E01002640,9
E01002641,30
E01002643,7
E01002645,11
E01002646,10
E01002647,5
E01002649,9
E01002650,9
E01002651,4
E01002652,5
E01002654,2
E01002655,5
E01002656,1
E01002657,3
E01002660,6
E01002661,16
E01002662,21
E01002663,5
E01002665,8
E01002666,4
E01002667,6
E01002668,2
E01002669,2
E01002670,1
E01002671,1
E01002672,11
E01002673,4
E01002675,2
E01002676,12
E01002677,10
E01002678,8
E01002679,5
E01002680,2
E01002681,11
E01002682,11
E01002686,5
E01002689,2
E01002690,1
E01002691,7
E01002692,6
E01002693,32
E01002694,8
E01002695,100
E01002696,184
E01002697,39
E01002698,13
E01002699,5
E01002700,9
E01002701,136
E01002702,74
E01002703,37
E01002704,681
E01002706,93
E01002707,72
E01002708,50
E01002709,10
E01002710,45
E01002711,196
E01002712,22
E01002713,16
E01002714,18
E01002715,11
E01002716,26
E01002717,8
E01002718,19
E01002719,26
E01002720,26
E01002721,15
E01002722,8
E01002723,58
E01002724,542
E01002725,42
E01002726,183
E01002727,71
E01002728,50
E01002729,25
E01002730,36
E01002732,29
E01002733,4
E01002734,589
E01002735,146
E01002736,7
E01002737,13
E01002738,38
E01002739,9
E01002740,81
E01002741,17
E01002742,18
E01002743,34
E01002744,12
E01002745,22
E01002747,73
E01002748,247
E01002749,9
E01002751,15
E01002752,12
E01002753,4
E01002754,9
E01002755,3
E01002756,11
E01002757,4
E01002758,7
E01002759,3
E01002760,5
E01002762,16
E01002763,23
E01002764,17
E01002765,40
E01002766,14
E01002767,20
E01002768,16
E01002769,8
E01002770,111
E01002771,8
E01002772,24
E01002773,12
E01002774,30
E01002775,56
E01002776,27
E01002777,21
E01002778,21
E01002779,92
E01002780,17
E01002781,10
E01002782,45
E01002783,14
E01002784,10
E01002785,21
E01002786,15
E01002787,6
E01002788,18
E01002789,19
E01002790,35
E01002791,42
E01002792,28
E01002793,32
E01002794,265
E01002795,165
E01002796,7
E01002797,30
E01002798,34
E01002799,25
E01002800,16
E01002801,84
E01002802,19
E01002804,7
E01002805,46
E01002806,8
E01002807,5
E01002808,5
E01002809,5
E01002810,7
E01002811,3
E01002812,12
E01002813,12
E01002814,12
E01002815,6
E01002816,28
E01002817,35
E01002818,315
E01002819,305
E01002821,277
E01002823,26
E01002824,14
E01002825,55
E01002826,353
E01002827,85
E01002828,12
E01002829,39
E01002830,52
E01002831,316
E01002832,77
E01002833,150
E01002834,7
E01002835,83
E01002836,11
E01002837,4
E01002839,16
E01002840,10
E01002841,3
E01002843,24
E01002844,17
E01002845,17
E01002846,13
E01002847,33
E01002848,4
E01002849,14
E01002850,74
E01002851,28
E01002852,66
E01002853,14
E01002854,30
E01002855,42
E01002856,139
E01002857,15
E01002858,42
E01002859,171
E01002860,35
E01002861,73
E01002862,12
E01002863,39
E01002864,17
E01002865,34
E01002866,4
E01002867,12
E01002868,10
E01002869,16
E01002870,13
E01002871,30
E01002872,12
E01002873,14
E01002874,16
E01002875,16
E01002876,6
E01002877,8
E01002878,47
E01002879,16
E01002880,12
E01002881,4
E01002882,62
E01002883,127
E01002884,174
E01002885,42
E01002886,44
E01002887,22
E01002888,18
E01002889,177
E01002890,10
E01002891,31
E01002892,22
E01002893,5
E01002894,9
E01002896,9
E01002897,5
E01002898,14
E01002899,40
E01002900,12
E01002901,20
E01002902,290
E01002903,68
E01002904,3
E01002905,15
E01002906,13
E01002907,4
E01002908,7
E01002909,13
E01002910,24
E01002911,35
E01002912,33
E01002913,10
E01002914,76
E01002916,1
E01002918,3
E01002919,10
E01002921,4
E01002922,1
E01002923,2
E01002927,1
E01002928,3
E01002929,7
E01002930,28
E01002931,4
E01002932,8
E01002933,4
E01002934,2
E01002935,11
E01002937,2
E01002939,5
E01002941,4
E01002945,1
E01002946,1
E01002948,8
E01002949,1
E01002952,2
E01002954,14
E01002955,2
E01002958,3
E01002959,1
E01002960,4
E01002961,2
E01002963,1
E01002964,50
E01002965,7
E01002966,3
E01002967,1
E01002968,779
E01002970,7
E01002971,1
E01002972,6
E01002973,7
E01002974,4
E01002977,3
E01002978,2
E01002979,1
E01002982,2
E01002983,2
E01002984,1
E01002987,31
E01002988,2
E01002990,3
E01002992,3
E01002993,1
E01002997,1
E01002999,1
E01003001,3
E01003002,2
E01003003,11
E01003004,2
E01003007,2
E01003008,1
E01003009,1
E01003010,1
E01003011,5
E01003013,738
E01003014,115
E01003015,18
E01003016,216
E01003017,291
E01003018,34
E01003019,7
E01003020,64
E01003021,7
E01003022,1
E01003023,11
E01003024,14
E01003025,7
E01003026,30
E01003027,2
E01003028,2
E01003029,7
E01003030,12
E01003031,3
E01003032,47
E01003033,6
E01003034,5
E01003035,655
E01003036,7
E01003037,19
E01003038,6
E01003039,75
E01003040,6
E01003041,86
E01003042,8
E01003043,13
E01003044,11
E01003045,17
E01003046,10
E01003047,687
E01003048,12
E01003049,18
E01003050,28
E01003051,22
E01003052,25
E01003053,35
E01003054,54
E01003055,238
E01003056,9
E01003057,7
E01003058,5
E01003059,12
E01003060,19
E01003061,154
E01003062,12
E01003063,2
E01003064,2
E01003065,2
E01003066,9
E01003067,1
E01003068,2
E01003070,2
E01003071,13
E01003072,5
E01003073,13
E01003074,90
E01003075,10
E01003076,94
E01003077,17
E01003078,21
E01003079,9
E01003080,3
E01003081,11
E01003082,2
E01003083,2
E01003084,3
E01003085,1
E01003086,3
E01003087,6
E01003088,23
E01003089,21
E01003090,116
E01003091,3
E01003092,8
E01003093,240
E01003094,7
E01003095,1
E01003096,19
E01003097,16
E01003098,8
E01003099,95
E01003100,37
E01003101,34
E01003102,343
E01003104,20
E01003105,17
E01003106,32
E01003107,34
E01003108,19
E01003110,27
E01003111,12
E01003112,33
E01003113,6
E01003114,31
E01003115,4
E01003116,5
E01003117,18
E01003118,49
E01003119,5
E01003120,29
E01003121,2
E01003122,23
E01003123,9
E01003124,15
E01003125,2
E01003126,31
E01003127,16
E01003128,174
E01003129,10
E01003130,10
E01003131,16
E01003132,5
E01003133,6
E01003134,4
E01003135,4
E01003136,1
E01003137,9
E01003139,6
E01003140,2
E01003141,9
E01003142,2
E01003143,3
E01003144,16
E01003145,4
E01003146,5
E01003148,2
E01003149,5
E01003150,12
E01003151,4
E01003152,3
E01003153,25
E01003154,3
E01003155,8
E01003156,1
E01003157,3
E01003158,2
E01003160,3
E01003161,3
E01003163,2
E01003164,8
E01003165,3
E01003166,12
E01003167,4
E01003169,14
E01003170,1
E01003171,6
E01003172,8
E01003173,2
E01003174,5
E01003175,1
E01003176,26
E01003177,15
E01003178,4
E01003179,3
E01003180,16
E01003181,24
E01003182,5
E01003183,21
E01003184,12
E01003185,13
E01003186,48
E01003187,4
E01003188,10
E01003189,6
E01003190,20
E01003191,4
E01003192,11
E01003193,9
E01003194,8
E01003195,4
E01003196,5
E01003197,1
E01003198,4
E01003199,17
E01003200,34
E01003201,15
E01003202,14
E01003203,8
E01003204,7
E01003205,3
E01003206,2
E01003207,45
E01003209,9
E01003210,10
E01003211,7
E01003212,3
E01003213,5
E01003214,21
E01003215,54
E01003216,5
E01003217,1
E01003218,1
E01003219,5
E01003220,3
E01003221,5
E01003222,5
E01003223,8
E01003225,17
E01003226,13
E01003227,6
E01003228,4
E01003229,11
E01003230,4
E01003231,15
E01003232,9
E01003233,5
E01003235,7
E01003236,12
E01003237,10
E01003239,4
E01003240,3
E01003241,6
E01003243,11
E01003244,17
E01003245,8
E01003246,31
E01003247,51
E01003248,31
E01003249,22
E01003251,36
E01003252,19
E01003253,63
E01003254,3
E01003255,22
E01003256,11
E01003257,2
E01003258,1
E01003259,11
E01003260,1
E01003261,2
E01003262,1
E01003263,17
E01003264,7
E01003265,7
E01003266,1
E01003267,1
E01003268,3
E01003269,5
E01003270,4
E01003272,12
E01003273,9
E01003274,20
E01003275,6
E01003276,11
E01003277,4
E01003278,14
E01003279,7
E01003281,2
E01003282,16
E01003283,10
E01003284,19
E01003285,6
E01003286,22
E01003287,4
E01003288,21
E01003290,9
E01003291,48
E01003292,16
E01003293,9
E01003295,18
E01003297,31
E01003298,2
E01003299,43
E01003300,26
E01003301,15
E01003302,13
E01003303,175
E01003304,95
E01003305,10
E01003307,2
E01003308,2
E01003309,5
E01003310,5
E01003312,1
E01003313,8
E01003314,3
E01003315,8
E01003316,1
E01003318,151
E01003319,6
E01003320,20
E01003321,9
E01003322,9
E01003323,4
E01003324,21
E01003325,6
E01003326,6
E01003327,23
E01003328,6
E01003329,2
E01003330,2
E01003331,2
E01003332,1
E01003333,2
E01003334,17
E01003335,3
E01003336,4
E01003337,2
E01003338,18
E01003339,5
E01003340,23
E01003341,6
E01003342,2
E01003343,2
E01003344,4
E01003345,4
E01003346,2
E01003347,6
E01003348,6
E01003349,3
E01003351,2
E01003352,5
E01003353,2
E01003354,1
E01003355,2
E01003356,6
E01003357,5
E01003358,8
E01003359,8
E01003360,11
E01003361,5
E01003363,2
E01003364,1
E01003365,2
E01003366,4
E01003368,1
E01003370,11
E01003371,2
E01003372,2
E01003373,2
E01003374,3
E01003375,4
E01003376,3
E01003377,1
E01003378,6
E01003379,10
E01003380,1
E01003381,1
E01003382,1
E01003383,45
E01003384,1
E01003385,2
E01003386,3
E01003387,2
E01003389,13
E01003390,12
E01003391,3
E01003392,4
E01003393,9
E01003394,5
E01003395,1
E01003396,3
E01003397,1
E01003398,5
E01003400,26
E01003401,11
E01003402,6
E01003403,1
E01003404,1
E01003405,7
E01003406,1
E01003407,4
E01003408,5
E01003409,7
E01003410,5
E01003413,6
E01003414,3
E01003415,2
E01003416,4
E01003417,2
E01003418,1
E01003419,1
E01003420,2
E01003421,3
E01003422,2
E01003423,5
E01003424,1
E01003425,1
E01003426,2
E01003427,29
E01003428,2
E01003430,6
E01003431,1
E01003432,2
E01003433,2
E01003434,1
E01003435,1
E01003436,2
E01003437,4
E01003439,12
E01003440,5
E01003441,3
E01003442,4
E01003443,2
E01003444,2
E01003445,1
E01003446,10
E01003447,3
E01003448,3
E01003449,3
E01003450,2
E01003451,2
E01003452,5
E01003453,3
E01003454,6
E01003455,4
E01003456,81
E01003457,6
E01003458,3
E01003459,7
E01003460,3
E01003461,12
E01003462,2
E01003463,1
E01003464,4
E01003468,1
E01003469,4
E01003470,5
E01003471,9
E01003473,10
E01003474,3
E01003476,1
E01003477,2
E01003478,2
E01003479,13
E01003480,12
E01003481,38
E01003483,6
E01003484,4
E01003485,14
E01003486,63
E01003487,4
E01003488,10
E01003489,59
E01003490,9
E01003491,206
E01003492,14
E01003494,5
E01003495,2
E01003496,27
E01003497,82
E01003498,17
E01003499,34
E01003500,12
E01003501,16
E01003502,57
E01003503,78
E01003506,36
E01003507,31
E01003508,16
E01003509,4
E01003511,3
E01003512,18
E01003513,28
E01003514,4
E01003515,92
E01003516,10
E01003517,24
E01003518,5
E01003519,5
E01003520,392
E01003521,490
E01003522,5
E01003523,62
E01003524,10
E01003525,56
E01003526,29
E01003527,6
E01003528,4
E01003529,26
E01003530,9
E01003531,78
E01003532,25
E01003533,7
E01003534,14
E01003535,9
E01003536,5
E01003537,25
E01003538,13
E01003539,20
E01003540,9
E01003541,7
E01003542,28
E01003543,21
E01003544,25
E01003545,10
E01003546,11
E01003547,4
E01003548,8
E01003549,7
E01003550,9
E01003551,9
E01003552,4
E01003553,21
E01003554,8
E01003555,10
E01003556,37
E01003557,11
E01003558,38
E01003559,17
E01003560,5
E01003561,8
E01003562,15
E01003563,5
E01003564,61
E01003565,10
E01003566,191
E01003567,40
E01003568,4
E01003569,404
E01003570,31
E01003571,20
E01003572,4
E01003573,102
E01003574,19
E01003575,10
E01003576,26
E01003577,15
E01003578,26
E01003579,11
E01003580,9
E01003581,16
E01003582,2
E01003583,3
E01003584,4
E01003585,4
E01003586,10
E01003587,14
E01003588,8
E01003589,17
E01003590,18
E01003591,62
E01003592,12
E01003593,31
E01003594,16
E01003595,15
E01003596,11
E01003597,2
E01003598,9
E01003599,6
E01003600,21
E01003601,48
E01003602,12
E01003603,29
E01003604,7
E01003605,26
E01003607,20
E01003608,11
E01003611,7
E01003615,16
E01003616,46
E01003618,36
E01003619,74
E01003621,4
E01003622,33
E01003623,9
E01003624,18
E01003625,7
E01003626,8
E01003627,5
E01003628,7
E01003629,6
E01003630,27
E01003631,14
E01003632,2
E01003633,6
E01003634,11
E01003635,11
E01003636,35
E01003637,2
E01003638,12
E01003639,7
E01003640,4
E01003641,14
E01003642,11
E01003643,1
E01003645,20
E01003646,7
E01003647,19
E01003648,1
E01003649,2
E01003650,3
E01003651,2
E01003652,2
E01003653,13
E01003654,1
E01003655,6
E01003656,8
E01003657,7
E01003658,5
E01003659,4
E01003661,2
E01003662,13
E01003663,2
E01003664,3
E01003665,2
E01003666,10
E01003668,22
E01003669,4
E01003670,3
E01003672,10
E01003673,5
E01003674,30
E01003675,4
E01003676,3
E01003677,3
E01003678,3
E01003679,1
E01003680,3
E01003681,8
E01003682,1
E01003683,5
E01003684,4
E01003685,9
E01003686,12
E01003688,18
E01003689,644
E01003690,33
E01003691,3
E01003692,2
E01003693,1
E01003694,2
E01003695,2
E01003696,2
E01003697,5
E01003698,1
E01003699,10
E01003700,2
E01003701,30
E01003702,1
E01003703,3
E01003704,8
E01003705,29
E01003706,2
E01003707,2
E01003708,2
E01003709,1
E01003710,2
E01003711,8
E01003712,1
E01003713,4
E01003714,18
E01003715,10
E01003716,7
E01003718,4
E01003719,20
E01003720,6
E01003721,2
E01003722,4
E01003723,3
E01003725,1
E01003726,3
E01003727,3
E01003729,81
E01003730,5
E01003731,3
E01003732,4
E01003733,21
E01003734,32
E01003735,4
E01003736,2
E01003737,5
E01003738,7
E01003739,6
E01003740,12
E01003741,8
E01003742,6
E01003743,3
E01003744,1
E01003745,2
E01003746,1
E01003748,9
E01003749,2
E01003750,9
E01003751,5
E01003752,9
E01003755,5
E01003756,5
E01003757,3
E01003759,4
E01003760,2
E01003763,2
E01003764,6
E01003765,16
E01003766,4
E01003767,32
E01003768,17
E01003769,43
E01003770,19
E01003772,5
E01003773,3
E01003774,4
E01003775,7
E01003776,3
E01003777,7
E01003778,25
E01003779,3
E01003780,1
E01003781,27
E01003782,9
E01003783,369
E01003785,7
E01003786,1
E01003787,2
E01003788,17
E01003789,7
E01003790,6
E01003791,2
E01003792,4
E01003793,4
E01003794,1
E01003795,2
E01003796,7
E01003797,1
E01003798,4
E01003799,3
E01003801,2
E01003802,3
E01003803,1
E01003804,2
E01003805,2
E01003806,3
E01003807,9
E01003808,5
E01003809,3
E01003810,1
E01003811,1
E01003812,7
E01003814,3
E01003815,6
E01003817,12
E01003818,4
E01003819,3
E01003820,1
E01003821,4
E01003823,5
E01003825,2
E01003827,1
E01003828,2
E01003829,11
E01003831,1
E01003832,2
E01003833,1
E01003834,8
E01003835,2
E01003837,1
E01003838,2
E01003839,3
E01003840,3
E01003841,6
E01003842,1
E01003843,5
E01003844,3
E01003845,3
E01003847,10
E01003848,2
E01003849,3
E01003851,4
E01003852,5
E01003853,2
E01003854,3
E01003855,4
E01003856,1
E01003857,4
E01003858,3
E01003860,3
E01003861,5
E01003862,10
E01003863,7
E01003864,1
E01003865,3
E01003867,9
E01003868,4
E01003869,3
E01003870,7
E01003871,1
E01003872,5
E01003873,12
E01003874,2
E01003875,5
E01003876,132
E01003877,3
E01003878,3
E01003882,7
E01003883,2
E01003884,4
E01003885,2
E01003886,2
E01003887,6
E01003888,4
E01003889,5
E01003891,3
E01003892,2
E01003893,3
E01003894,1
E01003895,4
E01003896,22
E01003897,8
E01003899,1
E01003905,4
E01003906,1
E01003907,1
E01003908,3
E01003909,6
E01003911,28
E01003912,10
E01003913,72
E01003914,33
E01003915,14
E01003916,35
E01003917,13
E01003918,20
E01003919,36
E01003920,14
E01003921,143
E01003922,40
E01003923,23
E01003924,13
E01003925,18
E01003926,17
E01003929,1061
E01003930,139
E01003932,287
E01003933,207
E01003934,588
E01003935,178
E01003936,79
E01003937,147
E01003938,47
E01003939,648
E01003940,42
E01003941,133
E01003942,85
E01003943,38
E01003945,3
E01003946,5
E01003947,3
E01003948,8
E01003949,5
E01003950,1
E01003951,4
E01003952,29
E01003953,73
E01003954,1
E01003955,3
E01003956,2
E01003957,2
E01003958,6
E01003960,154
E01003961,105
E01003963,18
E01003966,69
E01003969,174
E01003971,22
E01003972,14
E01003973,50
E01003975,33
E01003976,75
E01003977,31
E01003979,133
E01003980,80
E01003981,455
E01003983,18
E01003984,47
E01003986,27
E01003987,15
E01003988,34
E01003989,37
E01003990,17
E01003991,11
E01003992,12
E01003993,12
E01003994,69
E01003995,8
E01003997,10
E01003998,44
E01003999,23
E01004000,11
E01004001,7
E01004002,1
E01004003,19
E01004004,13
E01004005,40
E01004006,3
E01004007,9
E01004008,30
E01004010,99
E01004011,17
E01004012,22
E01004013,19
E01004014,13
E01004015,39
E01004016,5
E01004017,1
E01004018,5
E01004019,7
E01004020,7
E01004021,9
E01004023,108
E01004024,43
E01004028,77
E01004029,40
E01004030,32
E01004031,366
E01004032,42
E01004033,116
E01004034,33
E01004035,22
E01004036,26
E01004037,38
E01004038,41
E01004039,20
E01004040,96
E01004041,27
E01004042,41
E01004043,24
E01004044,14
E01004045,15
E01004046,13
E01004047,21
E01004048,26
E01004049,24
E01004050,8
E01004051,53
E01004052,30
E01004053,40
E01004054,21
E01004055,12
E01004056,23
E01004057,47
E01004058,34
E01004059,157
E01004060,50
E01004061,52
E01004062,81
E01004063,26
E01004064,12
E01004065,8
E01004066,17
E01004067,176
E01004068,15
E01004069,17
E01004070,21
E01004071,23
E01004072,18
E01004073,7
E01004074,21
E01004075,23
E01004076,13
E01004077,1
E01004078,1
E01004079,1
E01004080,1
E01004081,1
E01004083,2
E01004085,1
E01004086,6
E01004088,2
E01004089,1
E01004090,3
E01004093,1
E01004094,3
E01004099,9
E01004101,2
E01004102,3
E01004103,2
E01004104,3
E01004105,2
E01004107,2
E01004108,1
E01004109,1
E01004110,3
E01004111,1
E01004112,1
E01004115,2
E01004116,1
E01004118,15
E01004121,5
E01004123,7
E01004124,2
E01004125,1
E01004126,1
E01004127,3
E01004128,3
E01004129,3
E01004130,2
E01004131,1
E01004134,5
E01004137,8
E01004138,1
E01004139,1
E01004140,9
E01004141,2
E01004144,2
E01004145,2
E01004146,3
E01004148,2
E01004149,1
E01004150,2
E01004152,5
E01004153,1
E01004156,7
E01004160,1
E01004164,2
E01004166,4
E01004167,8
E01004169,2
E01004170,6
E01004171,2
E01004173,2
E01004174,1
E01004176,1
E01004177,6
E01004178,40
E01004179,1
E01004181,1
E01004182,4
E01004183,1
E01004184,1
E01004185,1
E01004186,3
E01004187,1
E01004189,1
E01004191,1
E01004192,2
E01004193,1
E01004195,5
E01004196,5
E01004198,16
E01004199,2
E01004200,18
E01004201,17
E01004202,44
E01004203,47
E01004204,13
E01004205,33
E01004206,12
E01004207,72
E01004208,355
E01004209,25
E01004211,50
E01004212,32
E01004214,3
E01004216,3
E01004217,15
E01004218,4
E01004219,32
E01004221,9
E01004222,13
E01004223,52
E01004226,19
E01004228,2
E01004229,23
E01004230,25
E01004231,43
E01004232,74
E01004233,2
E01004234,103
E01004235,25
E01004236,22
E01004237,41
E01004239,13
E01004240,5
E01004241,6
E01004243,17
E01004244,20
E01004245,11
E01004247,33
E01004248,19
E01004249,20
E01004251,33
E01004255,26
E01004256,11
E01004257,26
E01004258,12
E01004259,19
E01004260,6
E01004263,6
E01004264,10
E01004266,5
E01004267,102
E01004268,22
E01004270,71
E01004271,18
E01004272,13
E01004274,2
E01004275,4
E01004276,2
E01004277,48
E01004280,7
E01004281,3
E01004283,14
E01004286,17
E01004287,8
E01004288,13
E01004289,13
E01004290,41
E01004291,10
E01004292,8
E01004293,194
E01004295,19
E01004296,12
E01004297,5
E01004298,17
E01004300,6
E01004301,25
E01004302,44
E01004303,34
E01004304,28
E01004305,17
E01004306,123
E01004307,376
E01004308,15
E01004309,211
E01004310,108
E01004311,57
E01004312,10
E01004313,34
E01004315,37
E01004316,31
E01004319,19
E01004321,40
E01004322,96
E01004323,14
E01004324,6
E01004326,31
E01004327,4
E01004328,11
E01004329,3
E01004330,2
E01004331,4
E01004332,14
E01004333,8
E01004334,12
E01004335,15
E01004336,37
E01004337,9
E01004338,1
E01004339,6
E01004340,5
E01004341,19
E01004342,27
E01004343,3
E01004344,22
E01004345,6
E01004346,8
E01004347,18
E01004348,23
E01004349,1
E01004350,4
E01004351,2
E01004352,4
E01004353,2
E01004354,15
E01004355,1
E01004357,3
E01004358,2
E01004359,3
E01004360,2
E01004361,1
E01004362,12
E01004363,21
E01004364,19
E01004365,35
E01004366,6
E01004367,22
E01004368,9
E01004369,10
E01004370,13
E01004371,5
E01004372,3
E01004373,17
E01004374,6
E01004375,13
E01004376,32
E01004377,2
E01004378,2
E01004379,9
E01004380,5
E01004381,5
E01004382,2
E01004383,1
E01004384,5
E01004385,4
E01004386,4
E01004388,8
E01004389,3
E01004391,127
E01004392,237
E01004393,89
E01004394,33
E01004395,10
E01004396,23
E01004397,421
E01004398,8
E01004399,3
E01004400,3
E01004401,24
E01004402,5
E01004403,9
E01004404,5
E01004405,12
E01004406,20
E01004407,14
E01004408,18
E01004409,24
E01004410,27
E01004411,53
E01004412,12
E01004413,7
E01004414,14
E01004415,1
E01004416,3
E01004417,4
E01004418,5
E01004419,4
E01004420,99
E01004421,6
E01004422,90
E01004423,32
E01004424,54
E01004425,38
E01004426,19
E01004427,31
E01004428,6
E01004429,25
E01004430,85
E01004432,14
E01004434,10
E01004435,23
E01004436,18
E01004437,12
E01004438,61
E01004439,9
E01004440,62
E01004441,6
E01004442,2
E01004443,58
E01004444,66
E01004445,16
E01004446,10
E01004447,6
E01004448,34
E01004449,16
E01004450,1
E01004451,2
E01004452,22
E01004453,7
E01004454,2
E01004455,25
E01004456,9
E01004457,13
E01004458,19
E01004459,6
E01004460,58
E01004462,16
E01004463,7
E01004464,14
E01004465,3
E01004466,7
E01004467,19
E01004468,4
E01004469,6
E01004470,22
E01004471,7
E01004472,2
E01004473,2
E01004474,99
E01004475,16
E01004476,34
E01004477,6
E01004478,2
E01004479,1
E01004480,4
E01004481,17
E01004482,2
E01004483,8
E01004484,5
E01004485,6
E01004486,4
E01004487,1
E01004488,2
E01004489,2
E01004490,4
E01004492,4
E01004494,4
E01004496,12
E01004497,2
E01004498,1
E01004499,3
E01004500,3
E01004501,2
E01004502,3
E01004503,3
E01004504,3
E01004506,11
E01004507,2
E01004508,5
E01004510,8
E01004511,1
E01004512,3
E01004513,10
E01004514,5
E01004515,4
E01004516,3
E01004517,6
E01004518,3
E01004519,1
E01004520,1
E01004521,1
E01004522,3
E01004523,7
E01004524,3
E01004525,269
E01004526,31
E01004527,3
E01004528,8
E01004529,7
E01004530,3
E01004531,2
E01004532,3
E01004533,1
E01004534,10
E01004535,5
E01004536,9
E01004537,11
E01004538,4
E01004539,13
E01004540,8
E01004541,7
E01004542,5
E01004543,10
E01004544,3
E01004545,36
E01004548,23
E01004549,6
E01004551,99
E01004552,185
E01004553,10
E01004554,7
E01004555,1
E01004556,4
E01004557,5
E01004558,4
E01004560,20
E01004563,14
E01004564,12
E01004565,9
E01004566,13
E01004567,10
E01004568,5
E01004569,12
E01004570,5
E01004571,1
E01004572,3
E01004573,5
E01004574,3
E01004575,4
E01004576,1
E01004577,6
E01004579,2
E01004580,7
E01004581,8
E01004583,8
E01004584,1
E01004585,6
E01004586,5
E01004587,3
E01004588,27
E01004589,1
E01004590,6
E01004591,12
E01004592,2
E01004593,7
E01004594,1
E01004596,6
E01004597,2
E01004598,1
E01004599,2
E01004601,6
E01004602,6
E01004604,2
E01004605,2
E01004606,5
E01004607,4
E01004608,8
E01004609,89
E01004610,9
E01004611,9
E01004612,10
E01004613,41
E01004614,4
E01004615,4
E01004616,5
E01004617,43
E01004618,5
E01004619,4
E01004621,4
E01004622,2
E01004623,1
E01004624,1
E01004626,9
E01004627,7
E01004628,3
E01004629,5
E01004632,1
E01004634,1
E01004636,1
E01004637,2
E01004639,2
E01004640,2
E01004641,3
E01004642,5
E01004643,5
E01004644,6
E01004645,2
E01004646,8
E01004647,19
E01004648,6
E01004649,30
E01004650,16
E01004651,24
E01004652,54
E01004653,49
E01004654,35
E01004656,37
E01004657,546
E01004658,440
E01004659,54
E01004660,129
E01004661,196
E01004662,80
E01004663,63
E01004665,9
E01004668,12
E01004669,14
E01004670,10
E01004674,11
E01004675,18
E01004676,8
E01004677,4
E01004678,6
E01004679,23
E01004680,109
E01004681,92
E01004682,149
E01004683,61
E01004684,75
E01004686,74
E01004687,53
E01004690,96
E01004691,240
E01004692,32
E01004693,21
E01004694,48
E01004695,149
E01004696,13
E01004697,14
E01004698,50
E01004699,176
E01004700,20
E01004701,9
E01004702,37
E01004703,53
E01004705,14
E01004706,5
E01004707,6
E01004708,7
E01004709,29
E01004710,31
E01004711,5
E01004712,248
E01004713,142
E01004714,2241
E01004715,241
E01004716,147
E01004717,150
E01004718,5
E01004719,3
E01004720,23
E01004721,14
E01004722,12
E01004723,11
E01004724,30
E01004725,37
E01004726,19
E01004727,244
E01004728,14
E01004729,8
E01004730,18
E01004731,815
E01004732,27
E01004733,907
E01004734,8666
E01004735,2506
E01004736,4786
E01004737,25
E01004740,21
E01004741,26
E01004742,19
E01004743,10
E01004744,33
E01004746,8
E01004747,25
E01004748,215
E01004749,146
E01004750,533
E01004751,30
E01004752,6
E01004753,18
E01004754,7
E01004755,20
E01004756,7
E01004757,18
E01004760,42
E01004761,1042
E01004762,1683
E01004763,11333
E01004765,1526
E01032512,25
E01032513,32
E01032562,2
E01032563,1
E01032564,3
E01032565,1
E01032566,1
E01032567,3
E01032568,11
E01032570,6
E01032572,4
E01032573,36
E01032574,25
E01032575,25
E01032576,1
E01032577,1
E01032579,44
E01032580,14
E01032581,13
E01032582,967
E01032583,457
E01032584,91
E01032623,2
E01032637,11
E01032638,7
E01032639,83
E01032640,67
E01032646,139
E01032719,68
E01032741,247
E01032742,39
E01032743,1
E01032744,15
E01032764,72
E01032765,7
E01032767,45
E01032768,12
E01032769,37
E01032770,6
E01032771,136
E01032772,8
E01032774,7
E01032776,17
E01032777,37
E01032779,2
E01032780,32
E01032781,7
E01032782,11
E01032783,7
E01032784,2
E01032785,6
E01032786,5
E01032787,3
E01032788,5
E01032789,2
E01032790,1
E01032803,62
E01032834,31
E01033030,19
E01033081,4
E01033082,6
E01033083,441
E01033084,41
E01033086,1
E01033098,34
E01033099,9
E01033100,25
E01033132,86
E01033133,3
E01033135,1
E01033146,5
E01033148,2
E01033150,2
E01033151,6
E01033208,115
E01033320,3
E01033322,10
E01033324,22
E01033325,11
E01033327,269
E01033341,21
E01033455,28
E01033456,12
E01033457,28
E01033463,5
E01033485,40
E01033486,13
E01033487,4
E01033488,54
E01033489,108
E01033490,87
E01033491,104
E01033493,4
E01033494,15
E01033569,5
E01033570,4
E01033571,2
E01033579,83
E01033580,11
E01033581,6
E01033584,17
E01033586,22
E01033587,23
E01033589,94
E01033590,2
E01033591,33
E01033593,47
E01033594,371
E01033597,18
E01033598,22
E01033599,8
E01033601,24
E01033602,34
E01033603,20
E01033604,105
E01033605,20
E01033699,263
E01033700,179
E01033702,16
E01033703,24
E01033704,223
E01033705,66
E01033706,548
E01033708,1204
E01033709,49
E01033710,7
E01033711,210
E01033712,145
E01033713,58
E01033727,66
E01033728,17
E01033729,3
E01033732,8
E01033734,3
E01033735,65
E01033736,2
E01033737,62
E01033738,23
E01033739,1
E01033741,4
E01033742,1
E01033743,9
E01033744,2
E01033745,4
E01033746,5
E01033784,11
E01033785,8
E01033786,7
E01033787,4
E01033788,4
E01033789,1
E01033790,1
E01033791,16
E01033792,1
E01033862,338
E01033863,47
E01033864,6
E01033865,93
E01033866,84
E01033867,273
E01033868,375
E01033869,34
E01033870,52
E01033871,69
E01033872,54
E01033873,276
E01033874,304
E01033875,84
E01033876,52
E01033877,36
E01033878,15
E01033879,31
E01033880,104
E01033881,50
E01033882,1
E01033883,17
E01033884,459
E01033885,101
E01033911,1
E01033912,1
E01033913,16
E01033915,2
E01033916,9
E01033917,1
E01033918,14
E01033919,3
E01033920,2
E01033922,4
E01033923,2
E01033924,8
E01033925,8
E01033926,14
E01033927,44
E01033928,3
E01033929,23
E01033930,3
E01033931,56
E01033932,4
E01033933,1
E01033934,1
E01033935,118
E01033936,111
E01033937,15
E01033938,20
E01033939,8
E01033940,115
E01033941,93
E01033942,435
E01033943,53
E01033944,242
E01033945,3
E01033946,11
E01034026,10
E01034027,5
E01034028,1
E01034029,11
E01034030,347
E01034031,6
E01034032,4
E01034033,8
E01034034,1
E01034036,64
E01034037,3
E01034038,26
E01034039,7
E01034040,29
E01034041,2
E01034042,7
E01034044,3
E01034045,2
E01034046,3
E01034139,4
E01034140,2
E01034141,6
E01034142,8
E01034143,117
E01034144,4
E01034145,214
E01034146,17
E01034147,3
E01034148,33
E01034149,62
E01034150,81
E01034151,6
E01034152,9
E01034154,2
E01034155,33
E01034156,183
E01034173,3
E01034174,14
E01034175,9
E01034176,1
E01034177,3
E01034178,10
E01034179,67
E01034180,12
E01034181,22
E01034182,50
E01034183,2
E01034184,3
E01034185,12
E01034186,18
E01034187,58
E01034188,228
E01034189,9
E01034190,5
E01034191,7
E01034192,24
E01034193,10
E01034194,1
E01034195,4
E01034196,9
E01034198,22
E01034199,17
E01034200,519
E01034201,5
E01034202,22
E01034203,38
E01034204,9
E01034205,43
E01034206,13
E01034207,9
E01034208,24
E01034209,111
E01034210,18
E01034211,50
E01034212,37
E01034213,64
E01034214,49
E01034215,69
E01034216,24
E01034217,99
E01034218,39
E01034219,62
E01034220,1643
E01034221,39
E01034222,120
E01034223,49
E01034224,9
E01034225,34
E01034226,5
E01034227,7
E01034228,13
E01034229,75
E01034230,6
E01034231,4
E01034383,30
E01034384,1
E01034385,40
E01034386,109
E01034387,30
E01034388,13
E01034389,24
E01034390,17
E01034391,21
E01034392,35
E01034393,75
E01034394,203
E01034395,28
E01034469,4
E01034470,1
E01034471,15
E01034472,1
E01034473,242
E01034474,162
E01034475,6
E01034476,6
E01034477,1
E01034478,1
E01034479,13
E01034480,4
E01034481,7
E01034482,23
E01034483,19
E01034484,134
E01034485,31
E01034486,38
E01034487,11
E01034488,3
E01034576,1
E01034577,3
E01034578,4
E01034579,8
E01034580,7
E01034581,40
E01034589,8
E01034590,2
E01034591,14
E01034592,13
E01034593,3
E01034594,1
E01034595,4
E01034596,9
E01034597,8
E01034598,67
E01034599,2
E01034600,13
E01034602,105
E01034604,4
E01034606,6
E01034607,16
E01034608,22
E01034609,23
E01034610,5
E01034612,45
E01034613,3
E01034614,1
E01034615,2
E01034616,38
E01034617,8
E01035484,16
E01035485,32
E01035486,12
E01035487,2
E01035488,6
E01035489,3
E01035490,6
E01035491,15
E01035492,1
E01035493,11
E01035494,4
E01035495,77
E01035496,67
E01035497,11
E01035498,41
E01035499,5
E01035638,51
E01035639,81
E01035640,21
E01035641,67
E01035642,47
E01035643,35
E01035644,5
E01035645,44
E01035646,24
E01035647,6
E01035648,11
E01035649,78
E01035650,124
E01035651,24
E01035652,173
E01035653,17
E01035654,16
E01035655,172
E01035656,27
E01035657,126
E01035658,13
E01035659,11
E01035660,44
E01035661,24
E01035662,3
E01035663,16
E01035664,438
E01035665,72
E01035666,10
E01035667,30
E01035668,28
E01035669,262
E01035670,143
E01035671,4
E01035672,14
E01035673,5
E01035674,24
E01035675,92
E01035676,17
E01035677,8
E01035678,4
E01035679,6
E01035680,5
E01035681,7
E01035682,8
E01035683,3
E01035684,2
E01035685,1
E01035686,62
E01035687,87
E01035688,23
E01035689,31
E01035690,9
E01035691,15
E01035692,3
E01035693,5
E01035694,24
E01035695,9
E01035696,132
E01035697,18
E01035698,3
E01035699,3
E01035700,3
E01035701,4
E01035702,24
E01035703,12
E01035704,8
E01035705,21
E01035706,7
E01035707,57
E01035708,506
E01035709,54
E01035710,333
E01035711,1311
E01035712,64
E01035713,221
E01035714,24
E01035715,12
E01035716,13742
E01035717,20
E01035718,809
E01035719,21
E01035720,15
E01035721,261
E01035722,20
E01002138,0
E01002207,0
E01002197,0
E01002241,0
E01002143,0
E01002173,0
E01002178,0
E01002195,0
E01002149,0
E01002196,0
E01002115,0
E01002152,0
E01002190,0
E01002134,0
E01003866,0
E01003902,0
E01003859,0
E01003879,0
E01003898,0
E01003890,0
E01003846,0
E01003800,0
E01003813,0
E01003901,0
E01003881,0
E01003904,0
E01003910,0
E01003880,0
E01003900,0
E01003903,0
E01003824,0
E01003836,0
E01003822,0
E01003830,0
E01003826,0
E01003816,0
E01034043,0
E01002602,0
E01033000,0
E01034035,0
E01002658,0
E01002659,0
E01002653,0
E01002617,0
E01002674,0
E01002687,0
E01002577,0
E01002618,0
E01003159,0
E01003162,0
E01003138,0
E01003069,0
E01003147,0
E01003168,0
E01033582,0
E01001497,0
E01001392,0
E01001469,0
E01001525,0
E01001414,0
E01001416,0
E01001420,0
E01001531,0
E01000081,0
E01000054,0
E01033921,0
E01000133,0
E01000226,0
E01000137,0
E01000224,0
E01000286,0
E01033914,0
E01000142,0
E01000176,0
E01000291,0
E01000292,0
E01000191,0
E01000267,0
E01000152,0
E01000263,0
E01000285,0
E01000231,0
E01000200,0
E01000232,0
E01000247,0
E01000173,0
E01000234,0
E01000123,0
E01000241,0
E01000283,0
E01000275,0
E01000118,0
E01000266,0
E01000276,0
E01000280,0
E01000256,0
E01000261,0
E01000255,0
E01000228,0
E01000246,0
E01000254,0
E01000279,0
E01001319,0
E01001223,0
E01001292,0
E01001198,0
E01001305,0
E01001295,0
E01001201,0
E01001204,0
E01001217,0
E01001232,0
E01001306,0
E01001300,0
E01001313,0
E01001317,0
E01001350,0
E01001218,0
E01001264,0
E01001329,0
E01001339,0
E01000411,0
E01000456,0
E01000396,0
E01000357,0
E01000463,0
E01000326,0
E01000409,0
E01000415,0
E01000455,0
E01000337,0
E01000341,0
E01000422,0
E01000342,0
E01000371,0
E01000436,0
E01000437,0
E01000450,0
E01000345,0
E01000348,0
E01000364,0
E01000443,0
E01000354,0
E01000372,0
E01000384,0
E01000424,0
E01000380,0
E01000425,0
E01000349,0
E01000402,0
E01000427,0
E01000412,0
E01000420,0
E01000461,0
E01000339,0
E01000387,0
E01000351,0
E01000375,0
E01000406,0
E01000407,0
E01000460,0
E01000344,0
E01000346,0
E01000352,0
E01000350,0
E01000361,0
E01000331,0
E01000386,0
E01000405,0
E01000381,0
E01004143,0
E01004082,0
E01004133,0
E01004155,0
E01004098,0
E01004117,0
E01004151,0
E01004172,0
E01004190,0
E01004096,0
E01004132,0
E01034153,0
E01004162,0
E01004163,0
E01004122,0
E01004135,0
E01004194,0
E01004175,0
E01004157,0
E01004154,0
E01004158,0
E01004136,0
E01004168,0
E01004159,0
E01004165,0
E01004119,0
E01004100,0
E01004120,0
E01004161,0
E01004087,0
E01004147,0
E01004091,0
E01004097,0
E01004095,0
E01004180,0
E01004092,0
E01004106,0
E01004084,0
E01004114,0
E01002842,0
E01034611,0
E01002409,0
E01002491,0
E01002415,0
E01002418,0
E01002404,0
E01034605,0
E01002539,0
E01002425,0
E01002482,0
E01034601,0
E01002459,0
E01002464,0
E01002509,0
E01034603,0
E01002462,0
E01002548,0
E01002430,0
E01002434,0
E01002440,0
E01002533,0
E01002499,0
E01002438,0
E01000669,0
E01000707,0
E01000795,0
E01000700,0
E01000789,0
E01000682,0
E01000726,0
E01000822,0
E01000833,0
E01000811,0
E01000673,0
E01000773,0
E01000808,0
E01000651,0
E01000734,0
E01000758,0
E01000767,0
E01000794,0
E01000839,0
E01000716,0
E01000766,0
E01000681,0
E01000793,0
E01000655,0
E01000814,0
E01000686,0
E01000723,0
E01000731,0
E01000732,0
E01000653,0
E01000659,0
E01000772,0
E01000809,0
E01000757,0
E01000791,0
E01000688,0
E01000697,0
E01000832,0
E01000685,0
E01000818,0
E01000656,0
E01000749,0
E01002969,0
E01002980,0
E01002985,0
E01002998,0
E01002975,0
E01002942,0
E01002915,0
E01002996,0
E01002989,0
E01002943,0
E01002940,0
E01002991,0
E01002944,0
E01002947,0
E01002951,0
E01002938,0
E01002957,0
E01002924,0
E01002962,0
E01003005,0
E01003006,0
E01002925,0
E01002986,0
E01002994,0
E01002926,0
E01002976,0
E01002917,0
E01002920,0
E01002981,0
E01002995,0
E01002956,0
E01002950,0
E01002953,0
E01003000,0
E01004633,0
E01004546,0
E01004491,0
E01004495,0
E01004550,0
E01004620,0
E01004631,0
E01004630,0
E01004582,0
E01004559,0
E01004505,0
E01004635,0
E01004547,0
E01004493,0
E01004625,0
E01004595,0
E01004638,0
E01000003,0
E01000005,0
E01000001,0
E01000002,0
E01032740,0
E01032739,0
E01003761,0
E01003644,0
E01003754,0
E01003753,0
E01003771,0
E01003784,0
E01033592,0
E01003762,0
E01003671,0
E01003724,0
E01003747,0
E01003660,0
E01004387,0
E01004390,0
E01004356,0
E01001144,0
E01000982,0
E01001141,0
E01000978,0
E01000983,0
E01001066,0
E01001185,0
E01001040,0
E01001025,0
E01001059,0
E01001126,0
E01001009,0
E01001128,0
E01032569,0
E01001099,0
E01001024,0
E01001029,0
E01001120,0
E01001080,0
E01001096,0
E01001039,0
E01001106,0
E01001119,0
E01001038,0
E01000991,0
E01001069,0
E01001098,0
E01001101,0
E01001108,0
E01001071,0
E01001022,0
E01001015,0
E01001070,0
E01001105,0
E01001067,0
E01001107,0
E01001017,0
E01001021,0
E01001027,0
E01001060,0
E01001072,0
E01001121,0
E01000637,0
E01000569,0
E01000573,0
E01000566,0
E01000582,0
E01000562,0
E01000590,0
E01000539,0
E01000622,0
E01001878,0
E01001905,0
E01001906,0
E01001907,0
E01001935,0
E01033740,0
E01001596,0
E01001685,0
E01001614,0
E01001605,0
E01003238,0
E01003224,0
E01003311,0
E01003280,0
E01003350,0
E01003271,0
E01003369,0
E01003399,0
E01003472,0
E01003388,0
E01003411,0
E01003438,0
E01003429,0
E01003466,0
E01003412,0
E01003467,0
E01003362,0
E01003465,0
E01032775,0
E01000885,0
E01001967,0
E01002378,0
E01002318,0
E01002267,0
E01002341,0
E01002283,0
E01002295,0
E01002362,0
E01002256,0
E01002278,0
E01002317,0
E01002327,0
E01002286,0
E01002320,0
E01002323,0
E01002343,0
E01002363,0
E01002307,0
E01002331,0
E01002328,0
E01002255,0
E01002269,0
E01002265,0
E01002270,0
E01002349,0
E01002254,0
E01002252,0
E01002253,0
E01002389,0
E01002260,0
E01002268,0
E01002259,0
E01002391,0
